BODEGA;NOMBRE TIENDA;FECHA RECEPCION;N DOC TPV;GUIA ENVIO CD;GUIA CIERRE TIENDA;BODEGA ORIGEN;FECHA GUIA ENVIO;CANT ENVIADA;CANT RECEP TPV;CANT RECEP TIENDA;FALTANTE CON GUIA;SOBRANTE CON GUIA;SOBRANTE SIN GUIA;DIFERENCIA NETA;ESTADO
BTIE045;TIENDA TBC PATIO OUTLET TEMUCO;02-05-2026;1902;;270004034;SIN GUIA SAP;;0;1;0;0;0;1;-1;SIN GUIA SAP - VERIFICAR ORIGEN
BTRT005;TIENDA TBC MALL VIVO CENTRO;02-05-2026;80;20044030;70002126;BBCE900;30-04-2026;17;17;17;0;0;0;0;OK
BTRT005;TIENDA TBC MALL VIVO CENTRO;02-05-2026;81;20044037;70002127;BBCE900;30-04-2026;68;68;68;0;0;0;0;OK
BTRT005;TIENDA TBC MALL VIVO CENTRO;02-05-2026;82;20044028;70002128;BBCE900;30-04-2026;6;6;6;0;0;0;0;OK
BTRT005;TIENDA TBC MALL VIVO CENTRO;02-05-2026;83;20044029;70002129;BBCE900;30-04-2026;11;11;11;0;0;0;0;OK
BTRT009;TIENDA TBC MALL PLAZA NORTE;02-05-2026;2453;20044040;150002719;BBCE900;30-04-2026;136;144;135;1;9;0;-8;REVISAR - FALTANTE Y SOBRANTE CON GUIA
BTRT044;TIENDA TBC MALL ARAUCO CORONEL;02-05-2026;1321;20043741;250003966;BBCE900;27-04-2026;46;46;46;0;0;0;0;OK
BTRT044;TIENDA TBC MALL ARAUCO CORONEL;02-05-2026;1325;20043724;250003970;BBCE900;27-04-2026;32;32;32;0;0;0;0;OK
BTRT044;TIENDA TBC MALL ARAUCO CORONEL;02-05-2026;1326;20043721;250003967;BBCE900;27-04-2026;34;34;34;0;0;0;0;OK
BTRT044;TIENDA TBC MALL ARAUCO CORONEL;02-05-2026;1331;20043708;250003971;BBCE900;27-04-2026;21;21;21;0;0;0;0;OK
BTRT044;TIENDA TBC MALL ARAUCO CORONEL;02-05-2026;1332;20043853;250003969;BBCE900;28-04-2026;26;26;26;0;0;0;0;OK
BTRT044;TIENDA TBC MALL ARAUCO CORONEL;02-05-2026;1333;20043891;250003968;BBCE900;28-04-2026;19;19;19;0;0;0;0;OK
BTRT045;TIENDA TBC PATIO OUTLET TEMUCO;02-05-2026;1896;20043637;270004028;BBCE900;24-04-2026;35;35;35;0;0;0;0;OK
BTRT045;TIENDA TBC PATIO OUTLET TEMUCO;02-05-2026;1897;20043830;270004029;BBCE900;28-04-2026;50;50;50;0;0;0;0;OK
BTRT045;TIENDA TBC PATIO OUTLET TEMUCO;02-05-2026;1898;20043876;270004030;BBCE900;28-04-2026;4;4;4;0;0;0;0;OK
BTRT045;TIENDA TBC PATIO OUTLET TEMUCO;02-05-2026;1899;20043569;270004031;BBCE900;24-04-2026;1;1;1;0;0;0;0;OK
BTRT045;TIENDA TBC PATIO OUTLET TEMUCO;02-05-2026;1900;20043856;270004032;BBCE900;28-04-2026;50;50;50;0;0;0;0;OK
BTRT045;TIENDA TBC PATIO OUTLET TEMUCO;02-05-2026;1901;20043873;270004033;BBCE900;28-04-2026;46;46;46;0;0;0;0;OK
BTRT045;TIENDA TBC PATIO OUTLET TEMUCO;02-05-2026;1902;20043855;270004034;BBCE900;28-04-2026;25;24;24;1;0;0;1;REPORTAR - FALTANTE
BTRT045;TIENDA TBC PATIO OUTLET TEMUCO;02-05-2026;1903;20043840;270004035;BBCE900;28-04-2026;49;49;49;0;0;0;0;OK
BTRT045;TIENDA TBC PATIO OUTLET TEMUCO;02-05-2026;1904;20043828;270004036;BBCE900;28-04-2026;48;48;48;0;0;0;0;OK
BTRT045;TIENDA TBC PATIO OUTLET TEMUCO;02-05-2026;1905;20043916;270004037;BBCE900;28-04-2026;50;50;50;0;0;0;0;OK
BTRT045;TIENDA TBC PATIO OUTLET TEMUCO;02-05-2026;1906;20043622;270004038;BBCE900;24-04-2026;400;400;400;0;0;0;0;OK
BTRT053;TIENDA TBC OUTLET MAIPU PATIO;02-05-2026;761;20044045;270004027;BBCE900;30-04-2026;168;168;168;0;0;0;0;OK
BTRT007;TIENDA TBC MALL ARAUCO ESTACION;03-05-2026;2484;20044013;130004494;BBCE900;29-04-2026;266;266;266;0;0;0;0;OK
BTRT007;TIENDA TBC MALL ARAUCO ESTACION;03-05-2026;2485;20043995;130004495;BBCE900;29-04-2026;29;29;29;0;0;0;0;OK
BTRT007;TIENDA TBC MALL ARAUCO ESTACION;03-05-2026;2486;20043955;130004496;BBCE900;29-04-2026;4;4;4;0;0;0;0;OK
BTRT007;TIENDA TBC MALL ARAUCO ESTACION;03-05-2026;2487;20043949;130004497;BBCE900;29-04-2026;26;26;26;0;0;0;0;OK
BTRT007;TIENDA TBC MALL ARAUCO ESTACION;03-05-2026;2488;20043956;130004498;BBCE900;29-04-2026;1;1;1;0;0;0;0;OK
BTRT044;TIENDA TBC MALL ARAUCO CORONEL;03-05-2026;1322;20043742;250003972;BBCE900;27-04-2026;57;57;57;0;0;0;0;OK
BTRT044;TIENDA TBC MALL ARAUCO CORONEL;03-05-2026;1324;20043726;250003973;BBCE900;27-04-2026;46;46;46;0;0;0;0;OK
BTRT045;TIENDA TBC PATIO OUTLET TEMUCO;03-05-2026;1907;20043843;270004039;BBCE900;28-04-2026;47;47;47;0;0;0;0;OK
BTRT045;TIENDA TBC PATIO OUTLET TEMUCO;03-05-2026;1908;20043872;270004040;BBCE900;28-04-2026;88;88;88;0;0;0;0;OK
BTRT045;TIENDA TBC PATIO OUTLET TEMUCO;03-05-2026;1909;20043829;270004041;BBCE900;28-04-2026;54;54;54;0;0;0;0;OK
BTRT045;TIENDA TBC PATIO OUTLET TEMUCO;03-05-2026;1910;20043917;270004042;BBCE900;28-04-2026;45;45;45;0;0;0;0;OK
BTRT045;TIENDA TBC PATIO OUTLET TEMUCO;03-05-2026;1911;20043913;270004043;BBCE900;28-04-2026;48;48;48;0;0;0;0;OK
BTRT045;TIENDA TBC PATIO OUTLET TEMUCO;03-05-2026;1912;20043831;270004044;BBCE900;28-04-2026;50;50;50;0;0;0;0;OK
BTRT002;TIENDA TBC OUTLET LA FABRICA PATIO;04-05-2026;852;20044036;60003370;BBCE900;30-04-2026;216;216;216;0;0;0;0;OK
BTRT006;TIENDA TBC MALL ARAUCO MAIPU;04-05-2026;1769;20044027;30002728;BBCE900;30-04-2026;5;5;5;0;0;0;0;OK
BTRT006;TIENDA TBC MALL ARAUCO MAIPU;04-05-2026;1770;20044038;30002729;BBCE900;30-04-2026;224;224;223;1;1;0;0;REVISAR - FALTANTE Y SOBRANTE CON GUIA
BTRT007;TIENDA TBC MALL ARAUCO ESTACION;04-05-2026;2489;20044039;130004499;BBCE900;30-04-2026;176;176;176;0;0;0;0;OK
BTRT007;TIENDA TBC MALL ARAUCO ESTACION;04-05-2026;2490;20044019;130004500;BBCE900;29-04-2026;7;7;7;0;0;0;0;OK
BTRT019;TIENDA OUTLET TBC EASTON;04-05-2026;3744;20044041;230004155;BBCE900;30-04-2026;192;192;191;1;1;0;0;REVISAR - FALTANTE Y SOBRANTE CON GUIA
BTRT041;TIENDA TBC VIŃA ESPACIO URBANO;04-05-2026;1767;20043997;250003974;BBCE900;29-04-2026;3;3;3;0;0;0;0;OK
BTRT041;TIENDA TBC VIŃA ESPACIO URBANO;04-05-2026;1768;20044018;250003975;BBCE900;29-04-2026;133;133;133;0;0;0;0;OK
BTRT041;TIENDA TBC VIŃA ESPACIO URBANO;04-05-2026;1769;20043975;250003976;BBCE900;29-04-2026;8;8;8;0;0;0;0;OK
BTRT041;TIENDA TBC VIŃA ESPACIO URBANO;04-05-2026;1770;20044042;250003977;BBCE900;30-04-2026;68;68;68;0;0;0;0;OK
BTRT044;TIENDA TBC MALL ARAUCO CORONEL;04-05-2026;1328;20043718;250003978;BBCE900;27-04-2026;24;24;24;0;0;0;0;OK
BTRT045;TIENDA TBC PATIO OUTLET TEMUCO;04-05-2026;1913;20044017;270004045;BBCE900;29-04-2026;133;133;129;4;4;0;0;REVISAR - FALTANTE Y SOBRANTE CON GUIA
BTRT045;TIENDA TBC PATIO OUTLET TEMUCO;04-05-2026;1914;20043950;270004046;BBCE900;29-04-2026;12;12;12;0;0;0;0;OK
BTRT045;TIENDA TBC PATIO OUTLET TEMUCO;04-05-2026;1915;20043959;270004047;BBCE900;29-04-2026;28;28;28;0;0;0;0;OK
BTRT045;TIENDA TBC PATIO OUTLET TEMUCO;04-05-2026;1916;20043951;270004048;BBCE900;29-04-2026;14;14;14;0;0;0;0;OK
BTRT045;TIENDA TBC PATIO OUTLET TEMUCO;04-05-2026;1917;20043961;270004049;BBCE900;29-04-2026;5;5;4;1;1;0;0;REVISAR - FALTANTE Y SOBRANTE CON GUIA
BTRT045;TIENDA TBC PATIO OUTLET TEMUCO;04-05-2026;1918;20043957;270004050;BBCE900;29-04-2026;10;10;10;0;0;0;0;OK
BTRT045;TIENDA TBC PATIO OUTLET TEMUCO;04-05-2026;1919;20043958;270004052;BBCE900;29-04-2026;22;22;22;0;0;0;0;OK
BTRT062;TIENDA OUTLET VIVO PUENTE ALTO;04-05-2026;75;20044049;270004053;BBCE900;30-04-2026;123;123;123;0;0;0;0;OK
BTRT062;TIENDA OUTLET VIVO PUENTE ALTO;04-05-2026;76;20044050;270004051;BBCE900;30-04-2026;1;1;1;0;0;0;0;OK
BTIE053;TIENDA TBC OUTLET MAIPU PATIO;05-05-2026;762;;270004058;SIN GUIA SAP;;0;0;0;0;0;0;0;SIN GUIA SAP - VERIFICAR ORIGEN
BTRT002;TIENDA TBC OUTLET LA FABRICA PATIO;05-05-2026;853;20044103;60003371;BBCE900;04-05-2026;342;342;342;0;0;0;0;OK
BTRT005;TIENDA TBC MALL VIVO CENTRO;05-05-2026;84;20044080;70002130;BBCE900;04-05-2026;171;171;163;8;8;0;0;REVISAR - FALTANTE Y SOBRANTE CON GUIA
BTRT005;TIENDA TBC MALL VIVO CENTRO;05-05-2026;85;20044074;70002131;BBCE900;04-05-2026;288;288;288;0;0;0;0;OK
BTRT006;TIENDA TBC MALL ARAUCO MAIPU;05-05-2026;1771;20044120;30002730;BBCE900;04-05-2026;171;169;161;10;8;0;2;REVISAR - FALTANTE Y SOBRANTE CON GUIA
BTRT006;TIENDA TBC MALL ARAUCO MAIPU;05-05-2026;1773;20044076;30002731;BBCE900;04-05-2026;16;16;16;0;0;0;0;OK
BTRT007;TIENDA TBC MALL ARAUCO ESTACION;05-05-2026;2491;20044079;130004502;BBCE900;04-05-2026;576;574;572;4;2;0;2;REVISAR - FALTANTE Y SOBRANTE CON GUIA
BTRT007;TIENDA TBC MALL ARAUCO ESTACION;05-05-2026;2493;20044077;130004501;BBCE900;04-05-2026;32;32;32;0;0;0;0;OK
BTRT009;TIENDA TBC MALL PLAZA NORTE;05-05-2026;2454;20044081;150002720;BBCE900;04-05-2026;16;16;16;0;0;0;0;OK
BTRT009;TIENDA TBC MALL PLAZA NORTE;05-05-2026;2455;20044118;150002722;BBCE900;04-05-2026;171;169;161;10;8;0;2;REVISAR - FALTANTE Y SOBRANTE CON GUIA
BTRT009;TIENDA TBC MALL PLAZA NORTE;05-05-2026;2456;20044111;150002721;BBCE900;04-05-2026;288;288;288;0;0;0;0;OK
BTRT019;TIENDA OUTLET TBC EASTON;05-05-2026;3745;20044095;230004156;BBCE900;04-05-2026;171;172;163;8;9;0;-1;REVISAR - FALTANTE Y SOBRANTE CON GUIA
BTRT019;TIENDA OUTLET TBC EASTON;05-05-2026;3746;20044082;230004158;BBCE900;04-05-2026;16;14;14;2;0;0;2;REPORTAR - FALTANTE
BTRT019;TIENDA OUTLET TBC EASTON;05-05-2026;3747;20044090;230004157;BBCE900;04-05-2026;288;288;288;0;0;0;0;OK
BTRT053;TIENDA TBC OUTLET MAIPU PATIO;05-05-2026;762;20044106;270004058;BBCE900;04-05-2026;171;162;162;9;0;0;9;REPORTAR - FALTANTE
BTRT053;TIENDA TBC OUTLET MAIPU PATIO;05-05-2026;763;20044114;270004057;BBCE900;04-05-2026;288;288;288;0;0;0;0;OK
BTRT053;TIENDA TBC OUTLET MAIPU PATIO;05-05-2026;764;20044086;270004059;BBCE900;04-05-2026;16;16;16;0;0;0;0;OK
BTRT057;TIENDA TBC MALL PLAZA AMERICA RANCAGUA;05-05-2026;266;20043786;270004060;BBCE900;27-04-2026;1;1;1;0;0;0;0;OK
BTRT062;TIENDA OUTLET VIVO PUENTE ALTO;05-05-2026;77;20044116;270004054;BBCE900;04-05-2026;171;171;171;0;0;0;0;OK
BTRT062;TIENDA OUTLET VIVO PUENTE ALTO;05-05-2026;78;20044101;270004055;BBCE900;04-05-2026;288;288;288;0;0;0;0;OK
BTRT062;TIENDA OUTLET VIVO PUENTE ALTO;05-05-2026;79;20044089;270004056;BBCE900;04-05-2026;16;16;16;0;0;0;0;OK
BTIE057;TIENDA TBC MALL PLAZA AMERICA RANCAGUA;06-05-2026;267;;270004076;SIN GUIA SAP;;0;0;0;0;0;0;0;SIN GUIA SAP - VERIFICAR ORIGEN
BTRT002;TIENDA TBC OUTLET LA FABRICA PATIO;06-05-2026;854;20044073;60003372;BBCE900;04-05-2026;576;576;574;2;2;0;0;REVISAR - FALTANTE Y SOBRANTE CON GUIA
BTRT002;TIENDA TBC OUTLET LA FABRICA PATIO;06-05-2026;855;20044072;60003373;BBCE900;04-05-2026;32;30;30;2;0;0;2;REPORTAR - FALTANTE
BTRT002;TIENDA TBC OUTLET LA FABRICA PATIO;06-05-2026;856;20044219;60003374;BBCE900;05-05-2026;51;51;51;0;0;0;0;OK
BTRT002;TIENDA TBC OUTLET LA FABRICA PATIO;06-05-2026;857;20044218;60003375;BBCE900;05-05-2026;25;25;25;0;0;0;0;OK
BTRT005;TIENDA TBC MALL VIVO CENTRO;06-05-2026;86;20044236;70002132;BBCE900;05-05-2026;38;38;38;0;0;0;0;OK
BTRT005;TIENDA TBC MALL VIVO CENTRO;06-05-2026;87;20044235;70002133;BBCE900;05-05-2026;52;52;52;0;0;0;0;OK
BTRT006;TIENDA TBC MALL ARAUCO MAIPU;06-05-2026;1772;20044078;30002732;BBCE900;04-05-2026;288;288;288;0;0;0;0;OK
BTRT006;TIENDA TBC MALL ARAUCO MAIPU;06-05-2026;1774;20044227;30002733;BBCE900;05-05-2026;44;44;44;0;0;0;0;OK
BTRT006;TIENDA TBC MALL ARAUCO MAIPU;06-05-2026;1775;20044226;30002734;BBCE900;05-05-2026;33;33;33;0;0;0;0;OK
BTRT006;TIENDA TBC MALL ARAUCO MAIPU;06-05-2026;1776;20044225;30002735;BBCE900;05-05-2026;11;11;11;0;0;0;0;OK
BTRT006;TIENDA TBC MALL ARAUCO MAIPU;06-05-2026;1777;20044228;30002736;BBCE900;05-05-2026;20;20;20;0;0;0;0;OK
BTRT006;TIENDA TBC MALL ARAUCO MAIPU;06-05-2026;1778;20044229;30002737;BBCE900;05-05-2026;8;8;8;0;0;0;0;OK
BTRT006;TIENDA TBC MALL ARAUCO MAIPU;06-05-2026;1779;20044231;30002738;BBCE900;05-05-2026;15;15;15;0;0;0;0;OK
BTRT006;TIENDA TBC MALL ARAUCO MAIPU;06-05-2026;1780;20044230;30002739;BBCE900;05-05-2026;13;13;13;0;0;0;0;OK
BTRT007;TIENDA TBC MALL ARAUCO ESTACION;06-05-2026;2492;20044083;130004503;BBCE900;04-05-2026;342;331;331;11;0;0;11;REPORTAR - FALTANTE
BTRT009;TIENDA TBC MALL PLAZA NORTE;06-05-2026;2457;20044171;150002723;BBCE900;05-05-2026;2;2;2;0;0;0;0;OK
BTRT009;TIENDA TBC MALL PLAZA NORTE;06-05-2026;2458;20044221;150002724;BBCE900;05-05-2026;25;25;25;0;0;0;0;OK
BTRT009;TIENDA TBC MALL PLAZA NORTE;06-05-2026;2459;20044175;150002725;BBCE900;05-05-2026;19;19;19;0;0;0;0;OK
BTRT009;TIENDA TBC MALL PLAZA NORTE;06-05-2026;2460;20044222;150002726;BBCE900;05-05-2026;28;28;28;0;0;0;0;OK
BTRT009;TIENDA TBC MALL PLAZA NORTE;06-05-2026;2461;20044224;150002727;BBCE900;05-05-2026;52;52;52;0;0;0;0;OK
BTRT009;TIENDA TBC MALL PLAZA NORTE;06-05-2026;2462;20044174;150002728;BBCE900;05-05-2026;37;37;37;0;0;0;0;OK
BTRT009;TIENDA TBC MALL PLAZA NORTE;06-05-2026;2463;20044223;150002729;BBCE900;05-05-2026;51;51;51;0;0;0;0;OK
BTRT041;TIENDA TBC VIŃA ESPACIO URBANO;06-05-2026;1771;20044087;250003979;BBCE900;04-05-2026;288;288;288;0;0;0;0;OK
BTRT041;TIENDA TBC VIŃA ESPACIO URBANO;06-05-2026;1772;20044117;250003980;BBCE900;04-05-2026;171;171;163;8;8;0;0;REVISAR - FALTANTE Y SOBRANTE CON GUIA
BTRT041;TIENDA TBC VIŃA ESPACIO URBANO;06-05-2026;1773;20044173;250003981;BBCE900;05-05-2026;5;5;5;0;0;0;0;OK
BTRT041;TIENDA TBC VIŃA ESPACIO URBANO;06-05-2026;1774;20044094;250003982;BBCE900;04-05-2026;16;16;16;0;0;0;0;OK
BTRT054;TIENDA TBC OUTLET VIVO CHILLAN;06-05-2026;116;20044119;270004070;BBCE900;04-05-2026;171;170;170;1;0;0;1;REPORTAR - FALTANTE
BTRT054;TIENDA TBC OUTLET VIVO CHILLAN;06-05-2026;117;20044234;270004064;BBCE900;05-05-2026;22;22;22;0;0;0;0;OK
BTRT054;TIENDA TBC OUTLET VIVO CHILLAN;06-05-2026;118;20044091;270004071;BBCE900;04-05-2026;16;16;16;0;0;0;0;OK
BTRT054;TIENDA TBC OUTLET VIVO CHILLAN;06-05-2026;119;20044096;270004086;BBCE900;04-05-2026;288;289;288;0;1;0;-1;REPORTAR - SOBRANTE
BTRT054;TIENDA TBC OUTLET VIVO CHILLAN;06-05-2026;230;20044232;270004061;BBCE900;05-05-2026;48;48;48;0;0;0;0;OK
BTRT054;TIENDA TBC OUTLET VIVO CHILLAN;06-05-2026;231;20044233;270004062;BBCE900;05-05-2026;23;23;23;0;0;0;0;OK
BTRT054;TIENDA TBC OUTLET VIVO CHILLAN;06-05-2026;232;20044172;270004063;BBCE900;05-05-2026;14;14;14;0;0;0;0;OK
BTRT054;TIENDA TBC OUTLET VIVO CHILLAN;06-05-2026;233;20044046;270004075;BBCE900;30-04-2026;100;100;100;0;0;0;0;OK
BTRT057;TIENDA TBC MALL PLAZA AMERICA RANCAGUA;06-05-2026;267;20044124;270004076;BBCE900;04-05-2026;167;172;167;0;5;0;-5;REPORTAR - SOBRANTE
BTRT057;TIENDA TBC MALL PLAZA AMERICA RANCAGUA;06-05-2026;268;20044099;270004092;BBCE900;04-05-2026;288;287;287;1;0;0;1;REPORTAR - FALTANTE
BTRT057;TIENDA TBC MALL PLAZA AMERICA RANCAGUA;06-05-2026;269;20044048;270004102;BBCE900;30-04-2026;92;92;89;3;3;0;0;REVISAR - FALTANTE Y SOBRANTE CON GUIA
BTRT057;TIENDA TBC MALL PLAZA AMERICA RANCAGUA;06-05-2026;270;20044092;270004103;BBCE900;04-05-2026;16;16;16;0;0;0;0;OK
BTRT062;TIENDA OUTLET VIVO PUENTE ALTO;06-05-2026;80;20044207;270004066;BBCE900;05-05-2026;49;49;49;0;0;0;0;OK
BTRT062;TIENDA OUTLET VIVO PUENTE ALTO;06-05-2026;81;20044138;270004068;BBCE900;05-05-2026;36;36;36;0;0;0;0;OK
BTRT062;TIENDA OUTLET VIVO PUENTE ALTO;06-05-2026;82;20044209;270004072;BBCE900;05-05-2026;18;18;18;0;0;0;0;OK
BTRT062;TIENDA OUTLET VIVO PUENTE ALTO;06-05-2026;83;20044137;270004074;BBCE900;05-05-2026;38;38;38;0;0;0;0;OK
BTRT062;TIENDA OUTLET VIVO PUENTE ALTO;06-05-2026;84;20044136;270004079;BBCE900;05-05-2026;75;75;75;0;0;0;0;OK
BTRT062;TIENDA OUTLET VIVO PUENTE ALTO;06-05-2026;85;20044139;270004082;BBCE900;05-05-2026;59;59;59;0;0;0;0;OK
BTRT062;TIENDA OUTLET VIVO PUENTE ALTO;06-05-2026;86;20044140;270004087;BBCE900;05-05-2026;89;89;89;0;0;0;0;OK
BTRT062;TIENDA OUTLET VIVO PUENTE ALTO;06-05-2026;87;20044141;270004091;BBCE900;05-05-2026;129;129;129;0;0;0;0;OK
BTRT062;TIENDA OUTLET VIVO PUENTE ALTO;06-05-2026;88;20044210;270004097;BBCE900;05-05-2026;33;33;33;0;0;0;0;OK
BTRT062;TIENDA OUTLET VIVO PUENTE ALTO;06-05-2026;89;20044208;270004101;BBCE900;05-05-2026;58;58;58;0;0;0;0;OK
BTRT063;TIENDA OUTLET DIB RANCAGUA;06-05-2026;98;20044123;270004065;BBCE900;04-05-2026;167;172;166;1;6;0;-5;REVISAR - FALTANTE Y SOBRANTE CON GUIA
BTRT063;TIENDA OUTLET DIB RANCAGUA;06-05-2026;99;20044194;270004067;BBCE900;05-05-2026;87;87;87;0;0;0;0;OK
BTRT063;TIENDA OUTLET DIB RANCAGUA;06-05-2026;100;20044149;270004069;BBCE900;05-05-2026;75;75;75;0;0;0;0;OK
BTRT063;TIENDA OUTLET DIB RANCAGUA;06-05-2026;101;20044145;270004073;BBCE900;05-05-2026;83;83;83;0;0;0;0;OK
BTRT063;TIENDA OUTLET DIB RANCAGUA;06-05-2026;102;20044097;270004077;BBCE900;04-05-2026;288;288;288;0;0;0;0;OK
BTRT063;TIENDA OUTLET DIB RANCAGUA;06-05-2026;103;20044184;270004078;BBCE900;05-05-2026;17;17;17;0;0;0;0;OK
BTRT063;TIENDA OUTLET DIB RANCAGUA;06-05-2026;104;20044144;270004080;BBCE900;05-05-2026;29;29;29;0;0;0;0;OK
BTRT063;TIENDA OUTLET DIB RANCAGUA;06-05-2026;105;20044151;270004081;BBCE900;05-05-2026;18;18;18;0;0;0;0;OK
BTRT063;TIENDA OUTLET DIB RANCAGUA;06-05-2026;106;20044150;270004083;BBCE900;05-05-2026;44;44;44;0;0;0;0;OK
BTRT063;TIENDA OUTLET DIB RANCAGUA;06-05-2026;107;20044143;270004084;BBCE900;05-05-2026;29;29;29;0;0;0;0;OK
BTRT063;TIENDA OUTLET DIB RANCAGUA;06-05-2026;108;20044093;270004085;BBCE900;04-05-2026;16;16;16;0;0;0;0;OK
BTRT063;TIENDA OUTLET DIB RANCAGUA;06-05-2026;109;20044051;270004088;BBCE900;30-04-2026;80;80;80;0;0;0;0;OK
BTRT063;TIENDA OUTLET DIB RANCAGUA;06-05-2026;110;20044147;270004089;BBCE900;05-05-2026;30;30;30;0;0;0;0;OK
BTRT063;TIENDA OUTLET DIB RANCAGUA;06-05-2026;111;20044148;270004090;BBCE900;05-05-2026;56;56;56;0;0;0;0;OK
BTRT063;TIENDA OUTLET DIB RANCAGUA;06-05-2026;112;20044193;270004093;BBCE900;05-05-2026;52;52;52;0;0;0;0;OK
BTRT063;TIENDA OUTLET DIB RANCAGUA;06-05-2026;113;20044146;270004094;BBCE900;05-05-2026;40;40;40;0;0;0;0;OK
BTRT063;TIENDA OUTLET DIB RANCAGUA;06-05-2026;114;20044185;270004095;BBCE900;05-05-2026;36;36;36;0;0;0;0;OK
BTRT063;TIENDA OUTLET DIB RANCAGUA;06-05-2026;115;20044195;270004096;BBCE900;05-05-2026;79;79;79;0;0;0;0;OK
BTRT063;TIENDA OUTLET DIB RANCAGUA;06-05-2026;116;20044152;270004098;BBCE900;05-05-2026;9;9;9;0;0;0;0;OK
BTRT063;TIENDA OUTLET DIB RANCAGUA;06-05-2026;117;20044192;270004099;BBCE900;05-05-2026;47;47;47;0;0;0;0;OK
BTRT063;TIENDA OUTLET DIB RANCAGUA;06-05-2026;118;20044142;270004100;BBCE900;05-05-2026;7;7;7;0;0;0;0;OK
BTIE009;TIENDA TBC MALL PLAZA NORTE;07-05-2026;2464;;150002730;SIN GUIA SAP;;0;1;0;0;0;1;-1;SIN GUIA SAP - VERIFICAR ORIGEN
BTIE057;TIENDA TBC MALL PLAZA AMERICA RANCAGUA;07-05-2026;275;;270004122;SIN GUIA SAP;;0;7;0;0;0;7;-7;SIN GUIA SAP - VERIFICAR ORIGEN
BTRT002;TIENDA TBC OUTLET LA FABRICA PATIO;07-05-2026;858;20044183;60003376;BBCE900;05-05-2026;157;157;157;0;0;0;0;OK
BTRT002;TIENDA TBC OUTLET LA FABRICA PATIO;07-05-2026;859;20044343;60003377;BBCE900;06-05-2026;78;78;78;0;0;0;0;OK
BTRT002;TIENDA TBC OUTLET LA FABRICA PATIO;07-05-2026;860;20044306;60003378;BBCE900;06-05-2026;13;13;13;0;0;0;0;OK
BTRT002;TIENDA TBC OUTLET LA FABRICA PATIO;07-05-2026;861;20044253;60003379;BBCE900;06-05-2026;17;17;17;0;0;0;0;OK
BTRT002;TIENDA TBC OUTLET LA FABRICA PATIO;07-05-2026;862;20044293;60003380;BBCE900;06-05-2026;8;8;8;0;0;0;0;OK
BTRT002;TIENDA TBC OUTLET LA FABRICA PATIO;07-05-2026;863;20044261;60003381;BBCE900;06-05-2026;53;53;53;0;0;0;0;OK
BTRT002;TIENDA TBC OUTLET LA FABRICA PATIO;07-05-2026;864;20044271;60003382;BBCE900;06-05-2026;32;32;32;0;0;0;0;OK
BTRT002;TIENDA TBC OUTLET LA FABRICA PATIO;07-05-2026;865;20044217;60003383;BBCE900;05-05-2026;56;56;56;0;0;0;0;OK
BTRT002;TIENDA TBC OUTLET LA FABRICA PATIO;07-05-2026;866;20044277;60003384;BBCE900;06-05-2026;35;35;35;0;0;0;0;OK
BTRT002;TIENDA TBC OUTLET LA FABRICA PATIO;07-05-2026;867;20044344;60003385;BBCE900;06-05-2026;85;85;85;0;0;0;0;OK
BTRT002;TIENDA TBC OUTLET LA FABRICA PATIO;07-05-2026;868;20044252;60003386;BBCE900;06-05-2026;38;38;38;0;0;0;0;OK
BTRT002;TIENDA TBC OUTLET LA FABRICA PATIO;07-05-2026;869;20044211;60003387;BBCE900;05-05-2026;62;62;62;0;0;0;0;OK
BTRT002;TIENDA TBC OUTLET LA FABRICA PATIO;07-05-2026;870;20044212;60003388;BBCE900;05-05-2026;57;57;57;0;0;0;0;OK
BTRT002;TIENDA TBC OUTLET LA FABRICA PATIO;07-05-2026;871;20044169;60003389;BBCE900;05-05-2026;49;49;49;0;0;0;0;OK
BTRT002;TIENDA TBC OUTLET LA FABRICA PATIO;07-05-2026;872;20044168;60003390;BBCE900;05-05-2026;54;54;54;0;0;0;0;OK
BTRT002;TIENDA TBC OUTLET LA FABRICA PATIO;07-05-2026;873;20044214;60003391;BBCE900;05-05-2026;38;38;38;0;0;0;0;OK
BTRT002;TIENDA TBC OUTLET LA FABRICA PATIO;07-05-2026;874;20044155;60003392;BBCE900;05-05-2026;53;53;53;0;0;0;0;OK
BTRT002;TIENDA TBC OUTLET LA FABRICA PATIO;07-05-2026;875;20044216;60003393;BBCE900;05-05-2026;33;33;33;0;0;0;0;OK
BTRT002;TIENDA TBC OUTLET LA FABRICA PATIO;07-05-2026;876;20044213;60003394;BBCE900;05-05-2026;59;58;58;1;0;0;1;REPORTAR - FALTANTE
BTRT002;TIENDA TBC OUTLET LA FABRICA PATIO;07-05-2026;878;20044215;60003395;BBCE900;05-05-2026;47;47;47;0;0;0;0;OK
BTRT002;TIENDA TBC OUTLET LA FABRICA PATIO;07-05-2026;879;20044220;60003396;BBCE900;05-05-2026;74;74;74;0;0;0;0;OK
BTRT005;TIENDA TBC MALL VIVO CENTRO;07-05-2026;88;20044288;70002134;BBCE900;06-05-2026;8;8;8;0;0;0;0;OK
BTRT005;TIENDA TBC MALL VIVO CENTRO;07-05-2026;89;20044242;70002135;BBCE900;06-05-2026;7;7;7;0;0;0;0;OK
BTRT005;TIENDA TBC MALL VIVO CENTRO;07-05-2026;90;20044260;70002136;BBCE900;06-05-2026;56;56;56;0;0;0;0;OK
BTRT005;TIENDA TBC MALL VIVO CENTRO;07-05-2026;91;20044262;70002137;BBCE900;06-05-2026;14;14;14;0;0;0;0;OK
BTRT005;TIENDA TBC MALL VIVO CENTRO;07-05-2026;92;20044270;70002138;BBCE900;06-05-2026;62;62;62;0;0;0;0;OK
BTRT005;TIENDA TBC MALL VIVO CENTRO;07-05-2026;93;20044345;70002139;BBCE900;06-05-2026;39;39;39;0;0;0;0;OK
BTRT005;TIENDA TBC MALL VIVO CENTRO;07-05-2026;94;20044263;70002140;BBCE900;06-05-2026;28;28;28;0;0;0;0;OK
BTRT007;TIENDA TBC MALL ARAUCO ESTACION;07-05-2026;2494;20044278;130004504;BBCE900;06-05-2026;5;5;5;0;0;0;0;OK
BTRT007;TIENDA TBC MALL ARAUCO ESTACION;07-05-2026;2495;20044274;130004505;BBCE900;06-05-2026;9;9;9;0;0;0;0;OK
BTRT007;TIENDA TBC MALL ARAUCO ESTACION;07-05-2026;2496;20044275;130004506;BBCE900;06-05-2026;11;11;11;0;0;0;0;OK
BTRT007;TIENDA TBC MALL ARAUCO ESTACION;07-05-2026;2497;20044349;130004507;BBCE900;06-05-2026;78;78;78;0;0;0;0;OK
BTRT007;TIENDA TBC MALL ARAUCO ESTACION;07-05-2026;2498;20044273;130004508;BBCE900;06-05-2026;11;11;11;0;0;0;0;OK
BTRT007;TIENDA TBC MALL ARAUCO ESTACION;07-05-2026;2499;20044202;130004509;BBCE900;05-05-2026;7;7;7;0;0;0;0;OK
BTRT007;TIENDA TBC MALL ARAUCO ESTACION;07-05-2026;2500;20044206;130004510;BBCE900;05-05-2026;12;12;12;0;0;0;0;OK
BTRT007;TIENDA TBC MALL ARAUCO ESTACION;07-05-2026;2501;20044205;130004511;BBCE900;05-05-2026;22;22;22;0;0;0;0;OK
BTRT007;TIENDA TBC MALL ARAUCO ESTACION;07-05-2026;2502;20044157;130004512;BBCE900;05-05-2026;9;9;9;0;0;0;0;OK
BTRT007;TIENDA TBC MALL ARAUCO ESTACION;07-05-2026;2503;20044164;130004513;BBCE900;05-05-2026;41;41;41;0;0;0;0;OK
BTRT007;TIENDA TBC MALL ARAUCO ESTACION;07-05-2026;2504;20044198;130004514;BBCE900;05-05-2026;48;48;48;0;0;0;0;OK
BTRT009;TIENDA TBC MALL PLAZA NORTE;07-05-2026;2464;20044255;150002730;BBCE900;06-05-2026;24;23;23;1;0;0;1;REPORTAR - FALTANTE
BTRT009;TIENDA TBC MALL PLAZA NORTE;07-05-2026;2465;20044279;150002731;BBCE900;06-05-2026;97;97;97;0;0;0;0;OK
BTRT009;TIENDA TBC MALL PLAZA NORTE;07-05-2026;2466;20044304;150002732;BBCE900;06-05-2026;33;33;33;0;0;0;0;OK
BTRT009;TIENDA TBC MALL PLAZA NORTE;07-05-2026;2467;20044250;150002733;BBCE900;06-05-2026;36;36;36;0;0;0;0;OK
BTRT009;TIENDA TBC MALL PLAZA NORTE;07-05-2026;2468;20044249;150002734;BBCE900;06-05-2026;16;16;16;0;0;0;0;OK
BTRT009;TIENDA TBC MALL PLAZA NORTE;07-05-2026;2469;20044248;150002737;BBCE900;06-05-2026;24;24;24;0;0;0;0;OK
BTRT009;TIENDA TBC MALL PLAZA NORTE;07-05-2026;2470;20044284;150002735;BBCE900;06-05-2026;40;40;40;0;0;0;0;OK
BTRT009;TIENDA TBC MALL PLAZA NORTE;07-05-2026;2471;20044303;150002736;BBCE900;06-05-2026;19;19;19;0;0;0;0;OK
BTRT009;TIENDA TBC MALL PLAZA NORTE;07-05-2026;2472;20044351;150002738;BBCE900;06-05-2026;39;39;39;0;0;0;0;OK
BTRT009;TIENDA TBC MALL PLAZA NORTE;07-05-2026;2473;20044257;150002739;BBCE900;06-05-2026;57;57;57;0;0;0;0;OK
BTRT019;TIENDA OUTLET TBC EASTON;07-05-2026;3748;20039034;230004159;BBCE900;13-12-2025;38;38;38;0;0;0;0;OK
BTRT019;TIENDA OUTLET TBC EASTON;07-05-2026;3749;20037617;;BBCE900;21-11-2025;25;25;0;0;0;0;0;OK
BTRT019;TIENDA OUTLET TBC EASTON;07-05-2026;3750;150002580;230004160;BTIE009;19-03-2026;43;43;43;0;0;0;0;OK
BTRT019;TIENDA OUTLET TBC EASTON;07-05-2026;3751;20044283;230004161;BBCE900;06-05-2026;48;48;48;0;0;0;0;OK
BTRT019;TIENDA OUTLET TBC EASTON;07-05-2026;3752;20044365;230004162;BBCE900;06-05-2026;39;39;39;0;0;0;0;OK
BTRT044;TIENDA TBC MALL ARAUCO CORONEL;07-05-2026;1339;20044043;250003983;BBCE900;30-04-2026;68;68;68;0;0;0;0;OK
BTRT044;TIENDA TBC MALL ARAUCO CORONEL;07-05-2026;1340;20044084;250003987;BBCE900;04-05-2026;16;16;16;0;0;0;0;OK
BTRT044;TIENDA TBC MALL ARAUCO CORONEL;07-05-2026;1341;20044102;250003985;BBCE900;04-05-2026;171;171;171;0;0;0;0;OK
BTRT044;TIENDA TBC MALL ARAUCO CORONEL;07-05-2026;1342;20044113;250003986;BBCE900;04-05-2026;288;288;288;0;0;0;0;OK
BTRT044;TIENDA TBC MALL ARAUCO CORONEL;07-05-2026;1343;20044170;250003984;BBCE900;05-05-2026;11;11;11;0;0;0;0;OK
BTRT053;TIENDA TBC OUTLET MAIPU PATIO;07-05-2026;765;20044328;270004109;BBCE900;06-05-2026;41;41;41;0;0;0;0;OK
BTRT053;TIENDA TBC OUTLET MAIPU PATIO;07-05-2026;766;20044295;270004112;BBCE900;06-05-2026;36;36;36;0;0;0;0;OK
BTRT053;TIENDA TBC OUTLET MAIPU PATIO;07-05-2026;767;20044332;270004114;BBCE900;06-05-2026;50;50;50;0;0;0;0;OK
BTRT053;TIENDA TBC OUTLET MAIPU PATIO;07-05-2026;768;20044336;270004115;BBCE900;06-05-2026;46;46;46;0;0;0;0;OK
BTRT053;TIENDA TBC OUTLET MAIPU PATIO;07-05-2026;769;20044335;270004116;BBCE900;06-05-2026;84;84;84;0;0;0;0;OK
BTRT053;TIENDA TBC OUTLET MAIPU PATIO;07-05-2026;770;20044331;270004118;BBCE900;06-05-2026;37;37;37;0;0;0;0;OK
BTRT053;TIENDA TBC OUTLET MAIPU PATIO;07-05-2026;771;20044308;270004119;BBCE900;06-05-2026;45;45;45;0;0;0;0;OK
BTRT053;TIENDA TBC OUTLET MAIPU PATIO;07-05-2026;772;20044330;270004120;BBCE900;06-05-2026;38;38;38;0;0;0;0;OK
BTRT053;TIENDA TBC OUTLET MAIPU PATIO;07-05-2026;773;20044307;270004121;BBCE900;06-05-2026;48;48;48;0;0;0;0;OK
BTRT053;TIENDA TBC OUTLET MAIPU PATIO;07-05-2026;774;20044329;270004123;BBCE900;06-05-2026;33;33;33;0;0;0;0;OK
BTRT053;TIENDA TBC OUTLET MAIPU PATIO;07-05-2026;775;20044282;270004125;BBCE900;06-05-2026;40;40;40;0;0;0;0;OK
BTRT053;TIENDA TBC OUTLET MAIPU PATIO;07-05-2026;776;20044361;270004126;BBCE900;06-05-2026;39;39;39;0;0;0;0;OK
BTRT053;TIENDA TBC OUTLET MAIPU PATIO;07-05-2026;777;20044296;270004127;BBCE900;06-05-2026;31;31;31;0;0;0;0;OK
BTRT053;TIENDA TBC OUTLET MAIPU PATIO;07-05-2026;778;20044334;270004128;BBCE900;06-05-2026;52;52;52;0;0;0;0;OK
BTRT057;TIENDA TBC MALL PLAZA AMERICA RANCAGUA;07-05-2026;271;20044339;270004110;BBCE900;06-05-2026;128;128;128;0;0;0;0;OK
BTRT057;TIENDA TBC MALL PLAZA AMERICA RANCAGUA;07-05-2026;272;20044290;270004111;BBCE900;06-05-2026;24;24;24;0;0;0;0;OK
BTRT057;TIENDA TBC MALL PLAZA AMERICA RANCAGUA;07-05-2026;273;20044337;270004113;BBCE900;06-05-2026;39;39;39;0;0;0;0;OK
BTRT057;TIENDA TBC MALL PLAZA AMERICA RANCAGUA;07-05-2026;274;20044342;270004117;BBCE900;06-05-2026;18;18;18;0;0;0;0;OK
BTRT057;TIENDA TBC MALL PLAZA AMERICA RANCAGUA;07-05-2026;275;20044359;270004122;BBCE900;06-05-2026;41;40;40;1;0;0;1;REPORTAR - FALTANTE
BTRT057;TIENDA TBC MALL PLAZA AMERICA RANCAGUA;07-05-2026;276;20044340;270004124;BBCE900;06-05-2026;69;69;69;0;0;0;0;OK
BTRT062;TIENDA OUTLET VIVO PUENTE ALTO;07-05-2026;90;20044338;270004108;BBCE900;06-05-2026;39;39;39;0;0;0;0;OK
BTRT063;TIENDA OUTLET DIB RANCAGUA;07-05-2026;119;20044280;270004104;BBCE900;06-05-2026;14;14;14;0;0;0;0;OK
BTRT063;TIENDA OUTLET DIB RANCAGUA;07-05-2026;120;20044341;270004105;BBCE900;06-05-2026;39;39;39;0;0;0;0;OK
BTRT063;TIENDA OUTLET DIB RANCAGUA;07-05-2026;121;20044276;270004106;BBCE900;06-05-2026;6;6;6;0;0;0;0;OK
BTRT063;TIENDA OUTLET DIB RANCAGUA;07-05-2026;122;20044285;270004107;BBCE900;06-05-2026;8;8;8;0;0;0;0;OK
BTIE005;TIENDA TBC MALL VIVO CENTRO;08-05-2026;95;;70002141;SIN GUIA SAP;;0;0;0;0;0;0;0;SIN GUIA SAP - VERIFICAR ORIGEN
BTIE005;TIENDA TBC MALL VIVO CENTRO;08-05-2026;99;;70002145;SIN GUIA SAP;;0;0;0;0;0;0;0;SIN GUIA SAP - VERIFICAR ORIGEN
BTIE006;TIENDA TBC MALL ARAUCO MAIPU;08-05-2026;1790;;30002750;SIN GUIA SAP;;0;1;0;0;0;1;-1;SIN GUIA SAP - VERIFICAR ORIGEN
BTIE007;TIENDA TBC MALL ARAUCO ESTACION;08-05-2026;2526;;130004535;SIN GUIA SAP;;0;1;0;0;0;1;-1;SIN GUIA SAP - VERIFICAR ORIGEN
BTIE007;TIENDA TBC MALL ARAUCO ESTACION;08-05-2026;2529;;130004539;SIN GUIA SAP;;0;5;0;0;0;5;-5;SIN GUIA SAP - VERIFICAR ORIGEN
BTIE057;TIENDA TBC MALL PLAZA AMERICA RANCAGUA;08-05-2026;278;;270004137;SIN GUIA SAP;;0;0;0;0;0;0;0;SIN GUIA SAP - VERIFICAR ORIGEN
BTRT002;TIENDA TBC OUTLET LA FABRICA PATIO;08-05-2026;880;20044440;60003397;BBCE900;07-05-2026;17;17;17;0;0;0;0;OK
BTRT005;TIENDA TBC MALL VIVO CENTRO;08-05-2026;95;20044244;70002141;BBCE900;06-05-2026;56;56;56;0;0;0;0;OK
BTRT005;TIENDA TBC MALL VIVO CENTRO;08-05-2026;96;20044240;70002142;BBCE900;06-05-2026;54;54;54;0;0;0;0;OK
BTRT005;TIENDA TBC MALL VIVO CENTRO;08-05-2026;97;20044245;70002143;BBCE900;06-05-2026;46;46;46;0;0;0;0;OK
BTRT005;TIENDA TBC MALL VIVO CENTRO;08-05-2026;98;20044241;70002144;BBCE900;06-05-2026;53;53;53;0;0;0;0;OK
BTRT005;TIENDA TBC MALL VIVO CENTRO;08-05-2026;99;20044246;70002145;BBCE900;06-05-2026;54;54;54;0;0;0;0;OK
BTRT005;TIENDA TBC MALL VIVO CENTRO;08-05-2026;100;20044388;70002146;BBCE900;07-05-2026;45;45;45;0;0;0;0;OK
BTRT005;TIENDA TBC MALL VIVO CENTRO;08-05-2026;101;20044459;70002147;BBCE900;07-05-2026;400;400;400;0;0;0;0;OK
BTRT005;TIENDA TBC MALL VIVO CENTRO;08-05-2026;102;20044377;70002148;BBCE900;07-05-2026;112;112;112;0;0;0;0;OK
BTRT006;TIENDA TBC MALL ARAUCO MAIPU;08-05-2026;1781;20044347;30002740;BBCE900;06-05-2026;39;39;39;0;0;0;0;OK
BTRT006;TIENDA TBC MALL ARAUCO MAIPU;08-05-2026;1782;20044309;30002741;BBCE900;06-05-2026;47;47;47;0;0;0;0;OK
BTRT006;TIENDA TBC MALL ARAUCO MAIPU;08-05-2026;1783;20044269;30002742;BBCE900;06-05-2026;51;51;51;0;0;0;0;OK
BTRT006;TIENDA TBC MALL ARAUCO MAIPU;08-05-2026;1784;20044310;30002743;BBCE900;06-05-2026;60;60;60;0;0;0;0;OK
BTRT006;TIENDA TBC MALL ARAUCO MAIPU;08-05-2026;1785;20044243;30002744;BBCE900;06-05-2026;56;56;56;0;0;0;0;OK
BTRT006;TIENDA TBC MALL ARAUCO MAIPU;08-05-2026;1786;20044311;30002745;BBCE900;06-05-2026;47;47;47;0;0;0;0;OK
BTRT006;TIENDA TBC MALL ARAUCO MAIPU;08-05-2026;1787;20044179;30002746;BBCE900;05-05-2026;2;2;2;0;0;0;0;OK
BTRT006;TIENDA TBC MALL ARAUCO MAIPU;08-05-2026;1788;20044267;30002747;BBCE900;06-05-2026;44;44;44;0;0;0;0;OK
BTRT006;TIENDA TBC MALL ARAUCO MAIPU;08-05-2026;1789;20044409;30002748;BBCE900;07-05-2026;51;51;51;0;0;0;0;OK
BTRT006;TIENDA TBC MALL ARAUCO MAIPU;08-05-2026;1790;20044370;30002750;BBCE900;07-05-2026;42;41;41;1;0;0;1;REPORTAR - FALTANTE
BTRT006;TIENDA TBC MALL ARAUCO MAIPU;08-05-2026;1791;20044426;30002749;BBCE900;07-05-2026;49;49;49;0;0;0;0;OK
BTRT006;TIENDA TBC MALL ARAUCO MAIPU;08-05-2026;1792;20044381;30002751;BBCE900;07-05-2026;25;25;25;0;0;0;0;OK
BTRT006;TIENDA TBC MALL ARAUCO MAIPU;08-05-2026;1793;20044402;30002752;BBCE900;07-05-2026;53;53;53;0;0;0;0;OK
BTRT006;TIENDA TBC MALL ARAUCO MAIPU;08-05-2026;1794;20044372;30002753;BBCE900;07-05-2026;39;39;39;0;0;0;0;OK
BTRT006;TIENDA TBC MALL ARAUCO MAIPU;08-05-2026;1795;20044247;30002754;BBCE900;06-05-2026;48;48;48;0;0;0;0;OK
BTRT006;TIENDA TBC MALL ARAUCO MAIPU;08-05-2026;1796;20044258;30002755;BBCE900;06-05-2026;104;104;104;0;0;0;0;OK
BTRT006;TIENDA TBC MALL ARAUCO MAIPU;08-05-2026;1797;20044259;30002756;BBCE900;06-05-2026;115;116;113;2;3;0;-1;REVISAR - FALTANTE Y SOBRANTE CON GUIA
BTRT006;TIENDA TBC MALL ARAUCO MAIPU;08-05-2026;1798;20044435;30002757;BBCE900;07-05-2026;24;24;24;0;0;0;0;OK
BTRT006;TIENDA TBC MALL ARAUCO MAIPU;08-05-2026;1799;20044286;30002758;BBCE900;06-05-2026;16;16;16;0;0;0;0;OK
BTRT006;TIENDA TBC MALL ARAUCO MAIPU;08-05-2026;1800;20044427;30002759;BBCE900;07-05-2026;29;29;29;0;0;0;0;OK
BTRT006;TIENDA TBC MALL ARAUCO MAIPU;08-05-2026;1801;20044265;30002760;BBCE900;06-05-2026;22;22;22;0;0;0;0;OK
BTRT006;TIENDA TBC MALL ARAUCO MAIPU;08-05-2026;1802;20044256;30002761;BBCE900;06-05-2026;16;16;16;0;0;0;0;OK
BTRT007;TIENDA TBC MALL ARAUCO ESTACION;08-05-2026;2505;20044190;130004515;BBCE900;05-05-2026;47;47;47;0;0;0;0;OK
BTRT007;TIENDA TBC MALL ARAUCO ESTACION;08-05-2026;2506;20044204;130004516;BBCE900;05-05-2026;39;39;39;0;0;0;0;OK
BTRT007;TIENDA TBC MALL ARAUCO ESTACION;08-05-2026;2507;20044156;130004517;BBCE900;05-05-2026;39;39;39;0;0;0;0;OK
BTRT007;TIENDA TBC MALL ARAUCO ESTACION;08-05-2026;2508;20044203;130004518;BBCE900;05-05-2026;48;48;48;0;0;0;0;OK
BTRT007;TIENDA TBC MALL ARAUCO ESTACION;08-05-2026;2509;20044201;130004537;BBCE900;05-05-2026;10;10;10;0;0;0;0;OK
BTRT007;TIENDA TBC MALL ARAUCO ESTACION;08-05-2026;2510;20044153;130004519;BBCE900;05-05-2026;30;30;30;0;0;0;0;OK
BTRT007;TIENDA TBC MALL ARAUCO ESTACION;08-05-2026;2511;20044160;130004520;BBCE900;05-05-2026;34;34;34;0;0;0;0;OK
BTRT007;TIENDA TBC MALL ARAUCO ESTACION;08-05-2026;2512;20044159;130004521;BBCE900;05-05-2026;50;50;50;0;0;0;0;OK
BTRT007;TIENDA TBC MALL ARAUCO ESTACION;08-05-2026;2513;20044158;130004522;BBCE900;05-05-2026;49;49;49;0;0;0;0;OK
BTRT007;TIENDA TBC MALL ARAUCO ESTACION;08-05-2026;2514;20044191;130004523;BBCE900;05-05-2026;43;43;43;0;0;0;0;OK
BTRT007;TIENDA TBC MALL ARAUCO ESTACION;08-05-2026;2515;20044163;130004524;BBCE900;05-05-2026;33;33;33;0;0;0;0;OK
BTRT007;TIENDA TBC MALL ARAUCO ESTACION;08-05-2026;2516;20044188;130004525;BBCE900;05-05-2026;35;35;35;0;0;0;0;OK
BTRT007;TIENDA TBC MALL ARAUCO ESTACION;08-05-2026;2517;20044186;130004526;BBCE900;05-05-2026;33;29;29;4;0;0;4;REPORTAR - FALTANTE
BTRT007;TIENDA TBC MALL ARAUCO ESTACION;08-05-2026;2518;20044189;130004527;BBCE900;05-05-2026;39;39;39;0;0;0;0;OK
BTRT007;TIENDA TBC MALL ARAUCO ESTACION;08-05-2026;2519;20044197;130004528;BBCE900;05-05-2026;47;47;47;0;0;0;0;OK
BTRT007;TIENDA TBC MALL ARAUCO ESTACION;08-05-2026;2520;20044177;130004529;BBCE900;05-05-2026;2;2;2;0;0;0;0;OK
BTRT007;TIENDA TBC MALL ARAUCO ESTACION;08-05-2026;2521;20044196;130004530;BBCE900;05-05-2026;30;25;25;5;0;0;5;REPORTAR - FALTANTE
BTRT007;TIENDA TBC MALL ARAUCO ESTACION;08-05-2026;2522;20044154;130004531;BBCE900;05-05-2026;15;15;15;0;0;0;0;OK
BTRT007;TIENDA TBC MALL ARAUCO ESTACION;08-05-2026;2523;20044167;130004532;BBCE900;05-05-2026;17;17;17;0;0;0;0;OK
BTRT007;TIENDA TBC MALL ARAUCO ESTACION;08-05-2026;2524;20044166;130004533;BBCE900;05-05-2026;2;2;2;0;0;0;0;OK
BTRT007;TIENDA TBC MALL ARAUCO ESTACION;08-05-2026;2525;20044200;130004534;BBCE900;05-05-2026;13;13;13;0;0;0;0;OK
BTRT007;TIENDA TBC MALL ARAUCO ESTACION;08-05-2026;2526;20044165;130004535;BBCE900;05-05-2026;13;12;12;1;0;0;1;REPORTAR - FALTANTE
BTRT007;TIENDA TBC MALL ARAUCO ESTACION;08-05-2026;2527;20044162;130004536;BBCE900;05-05-2026;13;13;13;0;0;0;0;OK
BTRT007;TIENDA TBC MALL ARAUCO ESTACION;08-05-2026;2528;20044161;130004538;BBCE900;05-05-2026;15;15;15;0;0;0;0;OK
BTRT007;TIENDA TBC MALL ARAUCO ESTACION;08-05-2026;2529;20044187;130004539;BBCE900;05-05-2026;41;41;41;0;0;0;0;OK
BTRT019;TIENDA OUTLET TBC EASTON;08-05-2026;3753;20044467;230004163;BBCE900;07-05-2026;39;39;39;0;0;0;0;OK
BTRT019;TIENDA OUTLET TBC EASTON;08-05-2026;3754;20044463;230004164;BBCE900;07-05-2026;800;800;800;0;0;0;0;OK
BTRT044;TIENDA TBC MALL ARAUCO CORONEL;08-05-2026;1344;20044422;250003994;BBCE900;07-05-2026;50;50;50;0;0;0;0;OK
BTRT044;TIENDA TBC MALL ARAUCO CORONEL;08-05-2026;1345;20044400;250003999;BBCE900;07-05-2026;35;35;35;0;0;0;0;OK
BTRT044;TIENDA TBC MALL ARAUCO CORONEL;08-05-2026;1346;20044392;250003988;BBCE900;07-05-2026;6;6;6;0;0;0;0;OK
BTRT044;TIENDA TBC MALL ARAUCO CORONEL;08-05-2026;1347;20044362;250003992;BBCE900;06-05-2026;50;50;50;0;0;0;0;OK
BTRT044;TIENDA TBC MALL ARAUCO CORONEL;08-05-2026;1348;20044356;250003995;BBCE900;06-05-2026;39;39;39;0;0;0;0;OK
BTRT044;TIENDA TBC MALL ARAUCO CORONEL;08-05-2026;1349;20044348;250003991;BBCE900;06-05-2026;22;22;22;0;0;0;0;OK
BTRT044;TIENDA TBC MALL ARAUCO CORONEL;08-05-2026;1350;20044346;250003998;BBCE900;06-05-2026;66;66;66;0;0;0;0;OK
BTRT044;TIENDA TBC MALL ARAUCO CORONEL;08-05-2026;1351;20044312;250003989;BBCE900;06-05-2026;81;81;81;0;0;0;0;OK
BTRT044;TIENDA TBC MALL ARAUCO CORONEL;08-05-2026;1352;20044314;250003993;BBCE900;06-05-2026;40;40;40;0;0;0;0;OK
BTRT044;TIENDA TBC MALL ARAUCO CORONEL;08-05-2026;1353;20044305;250003990;BBCE900;06-05-2026;35;35;35;0;0;0;0;OK
BTRT044;TIENDA TBC MALL ARAUCO CORONEL;08-05-2026;1354;20044300;250003996;BBCE900;06-05-2026;52;52;52;0;0;0;0;OK
BTRT044;TIENDA TBC MALL ARAUCO CORONEL;08-05-2026;1355;20044251;250003997;BBCE900;06-05-2026;52;52;52;0;0;0;0;OK
BTRT045;TIENDA TBC PATIO OUTLET TEMUCO;08-05-2026;1920;20044044;270004136;BBCE900;30-04-2026;112;112;112;0;0;0;0;OK
BTRT045;TIENDA TBC PATIO OUTLET TEMUCO;08-05-2026;1921;20044104;270004166;BBCE900;04-05-2026;171;171;171;0;0;0;0;OK
BTRT053;TIENDA TBC OUTLET MAIPU PATIO;08-05-2026;779;20044424;270004134;BBCE900;07-05-2026;38;38;38;0;0;0;0;OK
BTRT053;TIENDA TBC OUTLET MAIPU PATIO;08-05-2026;780;20044420;270004140;BBCE900;07-05-2026;44;44;44;0;0;0;0;OK
BTRT053;TIENDA TBC OUTLET MAIPU PATIO;08-05-2026;781;20044411;270004143;BBCE900;07-05-2026;39;39;39;0;0;0;0;OK
BTRT053;TIENDA TBC OUTLET MAIPU PATIO;08-05-2026;782;20044385;270004155;BBCE900;07-05-2026;37;37;37;0;0;0;0;OK
BTRT053;TIENDA TBC OUTLET MAIPU PATIO;08-05-2026;783;20044376;270004156;BBCE900;07-05-2026;37;37;37;0;0;0;0;OK
BTRT053;TIENDA TBC OUTLET MAIPU PATIO;08-05-2026;784;20044373;270004157;BBCE900;07-05-2026;10;10;10;0;0;0;0;OK
BTRT053;TIENDA TBC OUTLET MAIPU PATIO;08-05-2026;785;20044379;270004158;BBCE900;07-05-2026;4;4;4;0;0;0;0;OK
BTRT053;TIENDA TBC OUTLET MAIPU PATIO;08-05-2026;786;20044423;270004159;BBCE900;07-05-2026;18;18;18;0;0;0;0;OK
BTRT053;TIENDA TBC OUTLET MAIPU PATIO;08-05-2026;787;20044398;270004160;BBCE900;07-05-2026;42;42;42;0;0;0;0;OK
BTRT053;TIENDA TBC OUTLET MAIPU PATIO;08-05-2026;788;20044378;270004161;BBCE900;07-05-2026;38;38;38;0;0;0;0;OK
BTRT053;TIENDA TBC OUTLET MAIPU PATIO;08-05-2026;789;20044375;270004162;BBCE900;07-05-2026;51;51;51;0;0;0;0;OK
BTRT053;TIENDA TBC OUTLET MAIPU PATIO;08-05-2026;790;20044404;270004163;BBCE900;07-05-2026;134;134;134;0;0;0;0;OK
BTRT054;TIENDA TBC OUTLET VIVO CHILLAN;08-05-2026;120;20044294;270004131;BBCE900;06-05-2026;8;8;8;0;0;0;0;OK
BTRT054;TIENDA TBC OUTLET VIVO CHILLAN;08-05-2026;121;20044364;270004132;BBCE900;06-05-2026;39;39;39;0;0;0;0;OK
BTRT055;TIENDA MALL VIVO SAN FERNANDO;08-05-2026;205;20044289;270004148;BBCE900;06-05-2026;12;12;12;0;0;0;0;OK
BTRT055;TIENDA MALL VIVO SAN FERNANDO;08-05-2026;206;20044178;270004153;BBCE900;05-05-2026;3;3;3;0;0;0;0;OK
BTRT055;TIENDA MALL VIVO SAN FERNANDO;08-05-2026;207;20044115;270004139;BBCE900;04-05-2026;288;288;288;0;0;0;0;OK
BTRT055;TIENDA MALL VIVO SAN FERNANDO;08-05-2026;208;20044107;270004129;BBCE900;04-05-2026;171;171;170;1;1;0;0;REVISAR - FALTANTE Y SOBRANTE CON GUIA
BTRT055;TIENDA MALL VIVO SAN FERNANDO;08-05-2026;209;20044313;270004130;BBCE900;06-05-2026;35;35;35;0;0;0;0;OK
BTRT055;TIENDA MALL VIVO SAN FERNANDO;08-05-2026;210;20044333;270004133;BBCE900;06-05-2026;39;38;37;2;1;0;1;REVISAR - FALTANTE Y SOBRANTE CON GUIA
BTRT055;TIENDA MALL VIVO SAN FERNANDO;08-05-2026;211;20044405;270004142;BBCE900;07-05-2026;71;71;71;0;0;0;0;OK
BTRT055;TIENDA MALL VIVO SAN FERNANDO;08-05-2026;212;20044403;270004144;BBCE900;07-05-2026;99;99;99;0;0;0;0;OK
BTRT055;TIENDA MALL VIVO SAN FERNANDO;08-05-2026;213;20044047;270004146;BBCE900;30-04-2026;68;68;68;0;0;0;0;OK
BTRT055;TIENDA MALL VIVO SAN FERNANDO;08-05-2026;214;20044406;270004147;BBCE900;07-05-2026;25;25;24;1;1;0;0;REVISAR - FALTANTE Y SOBRANTE CON GUIA
BTRT055;TIENDA MALL VIVO SAN FERNANDO;08-05-2026;215;20044363;270004150;BBCE900;06-05-2026;13;13;13;0;0;0;0;OK
BTRT055;TIENDA MALL VIVO SAN FERNANDO;08-05-2026;216;20044407;270004149;BBCE900;07-05-2026;31;31;31;0;0;0;0;OK
BTRT055;TIENDA MALL VIVO SAN FERNANDO;08-05-2026;217;20044350;270004151;BBCE900;06-05-2026;51;52;51;0;1;0;-1;REPORTAR - SOBRANTE
BTRT055;TIENDA MALL VIVO SAN FERNANDO;08-05-2026;218;20044360;270004152;BBCE900;06-05-2026;22;22;22;0;0;0;0;OK
BTRT055;TIENDA MALL VIVO SAN FERNANDO;08-05-2026;219;20044088;270004154;BBCE900;04-05-2026;16;16;16;0;0;0;0;OK
BTRT055;TIENDA MALL VIVO SAN FERNANDO;08-05-2026;220;20044421;270004165;BBCE900;07-05-2026;28;28;28;0;0;0;0;OK
BTRT057;TIENDA TBC MALL PLAZA AMERICA RANCAGUA;08-05-2026;277;20044386;270004135;BBCE900;07-05-2026;43;43;43;0;0;0;0;OK
BTRT057;TIENDA TBC MALL PLAZA AMERICA RANCAGUA;08-05-2026;278;20044382;270004137;BBCE900;07-05-2026;87;87;87;0;0;0;0;OK
BTRT057;TIENDA TBC MALL PLAZA AMERICA RANCAGUA;08-05-2026;279;20044414;270004138;BBCE900;07-05-2026;50;50;50;0;0;0;0;OK
BTRT057;TIENDA TBC MALL PLAZA AMERICA RANCAGUA;08-05-2026;280;20044387;270004141;BBCE900;07-05-2026;34;34;34;0;0;0;0;OK
BTRT057;TIENDA TBC MALL PLAZA AMERICA RANCAGUA;08-05-2026;281;20044380;270004145;BBCE900;07-05-2026;22;22;22;0;0;0;0;OK
BTIE006;TIENDA TBC MALL ARAUCO MAIPU;09-05-2026;1806;;30002765;SIN GUIA SAP;;0;1;0;0;0;1;-1;SIN GUIA SAP - VERIFICAR ORIGEN
BTRT006;TIENDA TBC MALL ARAUCO MAIPU;09-05-2026;1803;20044369;30002762;BBCE900;07-05-2026;48;48;48;0;0;0;0;OK
BTRT006;TIENDA TBC MALL ARAUCO MAIPU;09-05-2026;1804;20044425;30002763;BBCE900;07-05-2026;78;78;78;0;0;0;0;OK
BTRT006;TIENDA TBC MALL ARAUCO MAIPU;09-05-2026;1805;20044254;30002764;BBCE900;06-05-2026;137;138;137;0;1;0;-1;REPORTAR - SOBRANTE
BTRT006;TIENDA TBC MALL ARAUCO MAIPU;09-05-2026;1806;20044436;30002765;BBCE900;07-05-2026;19;18;18;1;0;0;1;REPORTAR - FALTANTE
BTRT045;TIENDA TBC PATIO OUTLET TEMUCO;09-05-2026;1922;20044098;270004167;BBCE900;04-05-2026;288;288;288;0;0;0;0;OK
BTRT045;TIENDA TBC PATIO OUTLET TEMUCO;09-05-2026;1923;20044085;270004168;BBCE900;04-05-2026;16;16;16;0;0;0;0;OK
BTRT002;TIENDA TBC OUTLET LA FABRICA PATIO;10-05-2026;881;20044441;60003398;BBCE900;07-05-2026;9;9;9;0;0;0;0;OK
BTRT002;TIENDA TBC OUTLET LA FABRICA PATIO;10-05-2026;882;20044437;60003399;BBCE900;07-05-2026;7;7;7;0;0;0;0;OK
BTRT002;TIENDA TBC OUTLET LA FABRICA PATIO;10-05-2026;883;20044416;60003400;BBCE900;07-05-2026;9;9;9;0;0;0;0;OK
BTRT002;TIENDA TBC OUTLET LA FABRICA PATIO;10-05-2026;884;20044432;60003401;BBCE900;07-05-2026;12;12;12;0;0;0;0;OK
BTRT002;TIENDA TBC OUTLET LA FABRICA PATIO;10-05-2026;885;20044439;60003402;BBCE900;07-05-2026;14;14;14;0;0;0;0;OK
BTRT002;TIENDA TBC OUTLET LA FABRICA PATIO;10-05-2026;886;20044431;60003403;BBCE900;07-05-2026;13;13;13;0;0;0;0;OK
BTRT002;TIENDA TBC OUTLET LA FABRICA PATIO;10-05-2026;887;20044428;60003404;BBCE900;07-05-2026;9;9;9;0;0;0;0;OK
BTRT002;TIENDA TBC OUTLET LA FABRICA PATIO;10-05-2026;888;20044429;60003405;BBCE900;07-05-2026;11;11;11;0;0;0;0;OK
BTRT002;TIENDA TBC OUTLET LA FABRICA PATIO;10-05-2026;889;20044438;60003406;BBCE900;07-05-2026;13;13;13;0;0;0;0;OK
BTRT002;TIENDA TBC OUTLET LA FABRICA PATIO;10-05-2026;890;20044430;60003407;BBCE900;07-05-2026;17;17;17;0;0;0;0;OK
BTRT002;TIENDA TBC OUTLET LA FABRICA PATIO;10-05-2026;891;20044374;60003408;BBCE900;07-05-2026;35;35;35;0;0;0;0;OK
BTRT002;TIENDA TBC OUTLET LA FABRICA PATIO;10-05-2026;892;20044433;60003409;BBCE900;07-05-2026;11;11;11;0;0;0;0;OK
BTRT002;TIENDA TBC OUTLET LA FABRICA PATIO;10-05-2026;893;20044445;60003410;BBCE900;07-05-2026;20;20;20;0;0;0;0;OK
BTRT002;TIENDA TBC OUTLET LA FABRICA PATIO;10-05-2026;894;20044415;60003411;BBCE900;07-05-2026;18;18;18;0;0;0;0;OK
BTRT002;TIENDA TBC OUTLET LA FABRICA PATIO;10-05-2026;895;20044434;60003412;BBCE900;07-05-2026;52;52;52;0;0;0;0;OK
BTRT002;TIENDA TBC OUTLET LA FABRICA PATIO;10-05-2026;896;20044399;60003413;BBCE900;07-05-2026;71;71;71;0;0;0;0;OK
BTRT005;TIENDA TBC MALL VIVO CENTRO;10-05-2026;103;20044075;70002149;BBCE900;04-05-2026;16;16;16;0;0;0;0;OK
BTRT006;TIENDA TBC MALL ARAUCO MAIPU;10-05-2026;1807;270004164;30002766;BTIE053;08-05-2026;200;200;200;0;0;0;0;OK
BTIE009;TIENDA TBC MALL PLAZA NORTE;11-05-2026;2477;;;SIN GUIA SAP;;0;1;0;0;0;1;-1;SIN GUIA SAP - VERIFICAR ORIGEN
BTIE053;TIENDA TBC OUTLET MAIPU PATIO;11-05-2026;794;;270004184;SIN GUIA SAP;;0;0;0;0;0;0;0;SIN GUIA SAP - VERIFICAR ORIGEN
BTRT002;TIENDA TBC OUTLET LA FABRICA PATIO;11-05-2026;897;20044574;60003414;BBCE900;08-05-2026;12;12;12;0;0;0;0;OK
BTRT002;TIENDA TBC OUTLET LA FABRICA PATIO;11-05-2026;898;20044578;60003415;BBCE900;08-05-2026;15;15;15;0;0;0;0;OK
BTRT002;TIENDA TBC OUTLET LA FABRICA PATIO;11-05-2026;899;20044489;60003416;BBCE900;08-05-2026;2.200,00;2.034,00;2.034,00;166;0;0;166;REPORTAR - FALTANTE
BTRT005;TIENDA TBC MALL VIVO CENTRO;11-05-2026;104;20044541;70002150;BBCE900;08-05-2026;8;8;8;0;0;0;0;OK
BTRT005;TIENDA TBC MALL VIVO CENTRO;11-05-2026;105;20044553;70002151;BBCE900;08-05-2026;7;7;7;0;0;0;0;OK
BTRT005;TIENDA TBC MALL VIVO CENTRO;11-05-2026;106;20044554;;BBCE900;08-05-2026;12;0;0;12;0;0;12;REPORTAR - FALTANTE
BTRT005;TIENDA TBC MALL VIVO CENTRO;11-05-2026;107;20044526;70002152;BBCE900;08-05-2026;24;24;24;0;0;0;0;OK
BTRT005;TIENDA TBC MALL VIVO CENTRO;11-05-2026;108;20044509;70002153;BBCE900;08-05-2026;27;27;27;0;0;0;0;OK
BTRT006;TIENDA TBC MALL ARAUCO MAIPU;11-05-2026;1808;20044576;30002768;BBCE900;08-05-2026;16;16;16;0;0;0;0;OK
BTRT006;TIENDA TBC MALL ARAUCO MAIPU;11-05-2026;1809;20044596;30002767;BBCE900;08-05-2026;1.400,00;1.400,00;1.400,00;0;0;0;0;OK
BTRT006;TIENDA TBC MALL ARAUCO MAIPU;11-05-2026;1810;20044559;30002769;BBCE900;08-05-2026;32;32;32;0;0;0;0;OK
BTRT006;TIENDA TBC MALL ARAUCO MAIPU;11-05-2026;1811;20044577;30002770;BBCE900;08-05-2026;41;41;41;0;0;0;0;OK
BTRT006;TIENDA TBC MALL ARAUCO MAIPU;11-05-2026;1812;20044585;30002771;BBCE900;08-05-2026;11;11;11;0;0;0;0;OK
BTRT006;TIENDA TBC MALL ARAUCO MAIPU;11-05-2026;1813;20044586;30002772;BBCE900;08-05-2026;9;9;9;0;0;0;0;OK
BTRT006;TIENDA TBC MALL ARAUCO MAIPU;11-05-2026;1814;20044584;30002773;BBCE900;08-05-2026;13;13;13;0;0;0;0;OK
BTRT006;TIENDA TBC MALL ARAUCO MAIPU;11-05-2026;1815;20044549;30002774;BBCE900;08-05-2026;95;95;95;0;0;0;0;OK
BTRT006;TIENDA TBC MALL ARAUCO MAIPU;11-05-2026;1816;20044582;30002775;BBCE900;08-05-2026;41;41;41;0;0;0;0;OK
BTRT009;TIENDA TBC MALL PLAZA NORTE;11-05-2026;2474;20044597;150002740;BBCE900;08-05-2026;1.400,00;1.200,00;1.200,00;200;0;0;200;REPORTAR - FALTANTE
BTRT009;TIENDA TBC MALL PLAZA NORTE;11-05-2026;2475;20044418;150002741;BBCE900;07-05-2026;38;38;38;0;0;0;0;OK
BTRT009;TIENDA TBC MALL PLAZA NORTE;11-05-2026;2476;20044397;150002742;BBCE900;07-05-2026;40;40;40;0;0;0;0;OK
BTRT009;TIENDA TBC MALL PLAZA NORTE;11-05-2026;2477;20044390;;BBCE900;07-05-2026;76;75;0;1;0;0;1;REPORTAR - FALTANTE
BTRT019;TIENDA OUTLET TBC EASTON;11-05-2026;3756;20044567;230004165;BBCE900;08-05-2026;5;5;5;0;0;0;0;OK
BTRT019;TIENDA OUTLET TBC EASTON;11-05-2026;3757;20044473;230004166;BBCE900;07-05-2026;32;32;32;0;0;0;0;OK
BTRT019;TIENDA OUTLET TBC EASTON;11-05-2026;3758;20044477;230004167;BBCE900;07-05-2026;26;26;26;0;0;0;0;OK
BTRT019;TIENDA OUTLET TBC EASTON;11-05-2026;3759;20044478;230004168;BBCE900;07-05-2026;6;6;6;0;0;0;0;OK
BTRT019;TIENDA OUTLET TBC EASTON;11-05-2026;3760;20044468;230004169;BBCE900;07-05-2026;58;58;58;0;0;0;0;OK
BTRT019;TIENDA OUTLET TBC EASTON;11-05-2026;3761;20044482;230004170;BBCE900;07-05-2026;69;69;69;0;0;0;0;OK
BTRT019;TIENDA OUTLET TBC EASTON;11-05-2026;3762;20044476;230004171;BBCE900;07-05-2026;31;31;31;0;0;0;0;OK
BTRT019;TIENDA OUTLET TBC EASTON;11-05-2026;3763;20044481;230004172;BBCE900;07-05-2026;45;45;45;0;0;0;0;OK
BTRT019;TIENDA OUTLET TBC EASTON;11-05-2026;3764;20044474;230004173;BBCE900;07-05-2026;16;16;16;0;0;0;0;OK
BTRT019;TIENDA OUTLET TBC EASTON;11-05-2026;3765;20044471;230004174;BBCE900;07-05-2026;39;39;39;0;0;0;0;OK
BTRT019;TIENDA OUTLET TBC EASTON;11-05-2026;3766;20044469;230004175;BBCE900;07-05-2026;13;13;13;0;0;0;0;OK
BTRT019;TIENDA OUTLET TBC EASTON;11-05-2026;3767;20044475;230004176;BBCE900;07-05-2026;49;49;49;0;0;0;0;OK
BTRT019;TIENDA OUTLET TBC EASTON;11-05-2026;3768;20044479;230004177;BBCE900;07-05-2026;49;49;49;0;0;0;0;OK
BTRT019;TIENDA OUTLET TBC EASTON;11-05-2026;3769;20044484;230004178;BBCE900;07-05-2026;43;43;43;0;0;0;0;OK
BTRT019;TIENDA OUTLET TBC EASTON;11-05-2026;3770;20044550;230004179;BBCE900;08-05-2026;67;67;67;0;0;0;0;OK
BTRT019;TIENDA OUTLET TBC EASTON;11-05-2026;3771;20044483;230004180;BBCE900;07-05-2026;44;44;44;0;0;0;0;OK
BTRT019;TIENDA OUTLET TBC EASTON;11-05-2026;3772;20044486;230004181;BBCE900;07-05-2026;105;105;105;0;0;0;0;OK
BTRT019;TIENDA OUTLET TBC EASTON;11-05-2026;3773;20044470;230004182;BBCE900;07-05-2026;42;42;42;0;0;0;0;OK
BTRT041;TIENDA TBC VIŃA ESPACIO URBANO;11-05-2026;1775;20044563;250004000;BBCE900;08-05-2026;7;7;7;0;0;0;0;OK
BTRT041;TIENDA TBC VIŃA ESPACIO URBANO;11-05-2026;1776;20044389;250004001;BBCE900;07-05-2026;58;58;58;0;0;0;0;OK
BTRT041;TIENDA TBC VIŃA ESPACIO URBANO;11-05-2026;1777;20044558;250004002;BBCE900;08-05-2026;36;36;36;0;0;0;0;OK
BTRT041;TIENDA TBC VIŃA ESPACIO URBANO;11-05-2026;1778;20044354;250004003;BBCE900;06-05-2026;39;39;39;0;0;0;0;OK
BTRT041;TIENDA TBC VIŃA ESPACIO URBANO;11-05-2026;1779;20044297;250004004;BBCE900;06-05-2026;56;55;55;1;0;0;1;REPORTAR - FALTANTE
BTRT041;TIENDA TBC VIŃA ESPACIO URBANO;11-05-2026;1781;20044292;250004005;BBCE900;06-05-2026;20;20;20;0;0;0;0;OK
BTRT041;TIENDA TBC VIŃA ESPACIO URBANO;11-05-2026;1782;20044301;250004006;BBCE900;06-05-2026;44;44;44;0;0;0;0;OK
BTRT041;TIENDA TBC VIŃA ESPACIO URBANO;11-05-2026;1783;20044298;250004007;BBCE900;06-05-2026;37;37;37;0;0;0;0;OK
BTRT041;TIENDA TBC VIŃA ESPACIO URBANO;11-05-2026;1784;20044391;250004008;BBCE900;07-05-2026;95;95;95;0;0;0;0;OK
BTRT041;TIENDA TBC VIŃA ESPACIO URBANO;11-05-2026;1785;20044581;250004009;BBCE900;08-05-2026;18;18;18;0;0;0;0;OK
BTRT041;TIENDA TBC VIŃA ESPACIO URBANO;11-05-2026;1786;20044552;250004010;BBCE900;08-05-2026;10;10;10;0;0;0;0;OK
BTRT041;TIENDA TBC VIŃA ESPACIO URBANO;11-05-2026;1787;20044410;250004011;BBCE900;07-05-2026;42;42;42;0;0;0;0;OK
BTRT041;TIENDA TBC VIŃA ESPACIO URBANO;11-05-2026;1788;20044264;250004012;BBCE900;06-05-2026;46;46;46;0;0;0;0;OK
BTRT041;TIENDA TBC VIŃA ESPACIO URBANO;11-05-2026;1789;20044412;250004013;BBCE900;07-05-2026;24;24;24;0;0;0;0;OK
BTRT041;TIENDA TBC VIŃA ESPACIO URBANO;11-05-2026;1790;20044413;250004014;BBCE900;07-05-2026;21;21;21;0;0;0;0;OK
BTRT041;TIENDA TBC VIŃA ESPACIO URBANO;11-05-2026;1791;20044505;250004015;BBCE900;08-05-2026;30;30;30;0;0;0;0;OK
BTRT041;TIENDA TBC VIŃA ESPACIO URBANO;11-05-2026;1792;20044595;250004016;BBCE900;08-05-2026;40;40;40;0;0;0;0;OK
BTRT041;TIENDA TBC VIŃA ESPACIO URBANO;11-05-2026;1793;20044579;250004017;BBCE900;08-05-2026;55;55;55;0;0;0;0;OK
BTRT041;TIENDA TBC VIŃA ESPACIO URBANO;11-05-2026;1794;20044315;;BBCE900;06-05-2026;48;48;0;0;0;0;0;OK
BTRT045;TIENDA TBC PATIO OUTLET TEMUCO;11-05-2026;1924;20044353;270004176;BBCE900;06-05-2026;27;27;27;0;0;0;0;OK
BTRT045;TIENDA TBC PATIO OUTLET TEMUCO;11-05-2026;1925;20044419;270004179;BBCE900;07-05-2026;36;36;36;0;0;0;0;OK
BTRT045;TIENDA TBC PATIO OUTLET TEMUCO;11-05-2026;1926;20044408;270004180;BBCE900;07-05-2026;53;53;53;0;0;0;0;OK
BTRT045;TIENDA TBC PATIO OUTLET TEMUCO;11-05-2026;1927;20044357;270004182;BBCE900;06-05-2026;96;96;96;0;0;0;0;OK
BTRT045;TIENDA TBC PATIO OUTLET TEMUCO;11-05-2026;1928;20044180;270004183;BBCE900;05-05-2026;1;1;1;0;0;0;0;OK
BTRT045;TIENDA TBC PATIO OUTLET TEMUCO;11-05-2026;1929;20044383;270004185;BBCE900;07-05-2026;34;34;34;0;0;0;0;OK
BTRT045;TIENDA TBC PATIO OUTLET TEMUCO;11-05-2026;1930;20044444;270004186;BBCE900;07-05-2026;15;15;15;0;0;0;0;OK
BTRT045;TIENDA TBC PATIO OUTLET TEMUCO;11-05-2026;1931;20044355;270004188;BBCE900;06-05-2026;26;26;26;0;0;0;0;OK
BTRT045;TIENDA TBC PATIO OUTLET TEMUCO;11-05-2026;1932;20044358;270004189;BBCE900;06-05-2026;39;39;39;0;0;0;0;OK
BTRT053;TIENDA TBC OUTLET MAIPU PATIO;11-05-2026;110;20044534;270004181;BBCE900;08-05-2026;32;32;32;0;0;0;0;OK
BTRT053;TIENDA TBC OUTLET MAIPU PATIO;11-05-2026;791;20044561;270004175;BBCE900;08-05-2026;4;4;4;0;0;0;0;OK
BTRT053;TIENDA TBC OUTLET MAIPU PATIO;11-05-2026;792;20044551;270004177;BBCE900;08-05-2026;6;6;6;0;0;0;0;OK
BTRT053;TIENDA TBC OUTLET MAIPU PATIO;11-05-2026;793;20044507;270004178;BBCE900;08-05-2026;17;17;17;0;0;0;0;OK
BTRT053;TIENDA TBC OUTLET MAIPU PATIO;11-05-2026;794;20044564;270004184;BBCE900;08-05-2026;31;31;31;0;0;0;0;OK
BTRT053;TIENDA TBC OUTLET MAIPU PATIO;11-05-2026;795;20044555;270004187;BBCE900;08-05-2026;17;17;17;0;0;0;0;OK
BTRT053;TIENDA TBC OUTLET MAIPU PATIO;11-05-2026;796;20044537;270004190;BBCE900;08-05-2026;52;52;52;0;0;0;0;OK
BTRT053;TIENDA TBC OUTLET MAIPU PATIO;11-05-2026;797;20044539;270004191;BBCE900;08-05-2026;18;18;18;0;0;0;0;OK
BTRT053;TIENDA TBC OUTLET MAIPU PATIO;11-05-2026;798;20044544;270004192;BBCE900;08-05-2026;12;12;12;0;0;0;0;OK
BTRT053;TIENDA TBC OUTLET MAIPU PATIO;11-05-2026;799;20044518;270004193;BBCE900;08-05-2026;15;15;15;0;0;0;0;OK
BTRT053;TIENDA TBC OUTLET MAIPU PATIO;11-05-2026;800;20044587;270004194;BBCE900;08-05-2026;21;21;21;0;0;0;0;OK
BTRT053;TIENDA TBC OUTLET MAIPU PATIO;11-05-2026;801;20044504;270004195;BBCE900;08-05-2026;26;26;26;0;0;0;0;OK
